wg	none	9000	tcp	1up	1.73	2.58	98	-	c0:1.73 	98|24|22|37|20|18|19|19
wg	none	9000	tcp	1down	5.10	2.35	51	-	c0:5.10 	18|30|28|51|26|27|28|28
wg	none	9000	tcp	half	4.21	3.50	63	-	c0:0.00 c1:0.87 c2:0.88 c3:0.85 c4:0.85 c5:0.76 	63|41|40|40|41|41|42|42
wg	none	9000	tcp	allup	4.19	3.81	81	-	c0:0.00 c1:0.45 c2:0.45 c3:0.45 c4:0.45 c5:2.40 	81|43|41|42|43|43|43|44
wg	none	9000	tcp	alldown	4.67	3.18	90	-	c0:1.33 c1:0.71 c2:0.68 c3:0.65 c4:0.72 c5:0.58 	90|34|32|34|32|32|31|34
wg	none	9000	udp	1up	0.25	0.86	35	0.8	c0:0.25 	35|8|7|7|6|7|8|7
wg	none	9000	udp	1down	2.00	0.80	28	0.0	c0:2.00 	7|9|9|28|7|6|7|7
wg	none	9000	udp	half	4.54	3.06	43	54.0	c0:NA c1:0.91 c2:0.91 c3:0.90 c4:0.90 c5:0.92 	30|39|38|37|37|39|43|43
wg	none	9000	udp	allup	5.42	1.15	36	46.3	c0:0.99 c1:0.89 c2:0.88 c3:0.89 c4:0.88 c5:0.89 	36|12|11|9|10|12|12|12
wg	none	9000	udp	alldown	6.15	2.87	82	47.2	c0:2.00 c1:1.00 c2:0.93 c3:0.78 c4:0.99 c5:0.45 	82|29|26|28|32|31|28|31
wg	none	1500	tcp	1up	1.49	2.90	94	-	c0:1.49 	94|30|27|31|25|27|27|28
wg	none	1500	tcp	1down	1.48	1.97	62	-	c0:1.48 	18|21|20|62|20|19|18|19
wg	none	1500	tcp	half	1.46	2.94	78	-	c0:1.08 c1:0.07 c2:0.20 c3:0.04 c4:0.05 c5:0.04 	78|32|30|31|30|30|31|32
wg	none	1500	tcp	allup	1.51	3.12	93	-	c0:0.99 c1:0.07 c2:0.07 c3:0.08 c4:0.09 c5:0.20 	93|32|30|32|30|30|31|33
wg	none	1500	tcp	alldown	1.46	3.48	67	-	c0:0.28 c1:0.20 c2:0.25 c3:0.24 c4:0.25 c5:0.23 	67|38|37|42|40|40|41|42
wg	none	1500	udp	1up	1.60	2.91	89	12.0	c0:1.60 	89|33|31|27|23|25|27|36
wg	none	1500	udp	1down	0.99	2.20	100	49.0	c0:0.99 	100|15|8|63|9|8|10|8
wg	none	1500	udp	half	2.81	2.60	83	65.1	c0:1.54 c1:0.28 c2:0.31 c3:0.34 c4:0.34 c5:NA 	83|25|20|20|21|22|34|36
wg	none	1500	udp	allup	3.09	1.41	32	68.3	c0:1.57 c1:0.33 c2:0.29 c3:0.29 c4:0.30 c5:0.30 	32|14|14|17|17|16|15|15
wg	none	1500	udp	alldown	0.84	2.38	100	58.5	c0:NA c1:0.27 c2:0.28 c3:0.29 c4:NA c5:0.00 	100|13|9|8|31|32|33|12
wg	rps	9000	tcp	1up	1.94	2.86	56	-	c0:1.94 	52|30|56|29|31|32|28|28
wg	rps	9000	tcp	1down	4.51	2.48	59	-	c0:4.51 	28|29|28|59|26|25|25|29
wg	rps	9000	tcp	half	4.32	3.10	45	-	c0:0.00 c1:0.86 c2:0.86 c3:0.82 c4:0.89 c5:0.88 	45|40|38|39|40|35|41|33
wg	rps	9000	tcp	allup	4.18	2.97	43	-	c0:0.00 c1:0.83 c2:0.82 c3:0.83 c4:0.85 c5:0.85 	43|38|31|38|39|32|39|37
wg	rps	9000	tcp	alldown	4.52	3.38	45	-	c0:0.90 c1:0.74 c2:0.70 c3:0.74 c4:0.70 c5:0.74 	44|44|43|42|42|38|45|42
wg	rps	9000	udp	1up	1.77	2.49	54	0.0	c0:1.77 	44|25|54|27|26|24|25|25
wg	rps	9000	udp	1down	1.98	1.19	28	0.9	c0:1.98 	18|6|16|28|15|7|15|15
wg	rps	9000	udp	half	4.91	2.77	37	50.6	c0:NA c1:0.96 c2:0.97 c3:0.94 c4:0.95 c5:1.09 	37|36|32|37|33|36|35|31
wg	rps	9000	udp	allup	6.39	3.09	45	45.0	c0:1.77 c1:0.92 c2:0.93 c3:0.93 c4:0.93 c5:0.92 	45|39|37|39|39|36|37|38
wg	rps	9000	udp	alldown	4.88	2.97	45	51.0	c0:NA c1:0.96 c2:1.01 c3:1.00 c4:0.95 c5:0.96 	39|33|33|26|45|38|45|39
wg	rps	1500	tcp	1up	1.37	3.16	60	-	c0:1.37 	37|37|38|60|37|37|34|35
wg	rps	1500	tcp	1down	1.43	2.08	65	-	c0:1.43 	24|20|18|65|22|19|19|20
wg	rps	1500	tcp	half	1.62	3.11	44	-	c0:0.34 c1:0.25 c2:0.27 c3:0.24 c4:0.26 c5:0.26 	44|39|38|35|40|33|43|38
wg	rps	1500	tcp	allup	1.60	2.64	39	-	c0:0.42 c1:0.24 c2:0.24 c3:0.24 c4:0.24 c5:0.24 	39|37|25|32|37|26|37|32
wg	rps	1500	tcp	alldown	1.49	2.75	39	-	c0:0.28 c1:0.24 c2:0.24 c3:0.24 c4:0.24 c5:0.24 	32|36|31|34|39|27|39|36
wg	rps	1500	udp	1up	1.68	3.14	71	9.6	c0:1.68 	47|34|33|71|34|30|33|33
wg	rps	1500	udp	1down	1.53	3.19	70	23.0	c0:1.53 	49|19|61|70|19|19|61|20
wg	rps	1500	udp	half	3.16	3.81	54	65.0	c0:1.61 c1:0.31 c2:0.37 c3:0.35 c4:0.25 c5:0.27 	50|52|38|46|52|43|54|47
wg	rps	1500	udp	allup	3.24	3.58	64	50.6	c0:1.70 c1:0.52 c2:NA c3:NA c4:0.51 c5:0.52 	49|42|64|45|42|43|42|32
wg	rps	1500	udp	alldown	2.96	3.46	59	65.3	c0:1.44 c1:0.36 c2:0.36 c3:0.29 c4:0.26 c5:0.25 	59|30|31|41|43|51|47|44
wg	rss	9000	tcp	1up	1.69	2.62	95	-	c0:1.69 	95|26|23|35|20|21|21|22
wg	rss	9000	tcp	1down	5.43	3.37	60	-	c0:5.43 	40|38|40|60|42|41|36|41
wg	rss	9000	tcp	half	12.63	6.96	88	-	c0:0.56 c1:2.01 c2:3.53 c3:1.98 c4:3.02 c5:1.53 	86|86|87|87|87|88|87|87
wg	rss	9000	tcp	allup	8.55	6.51	88	-	c0:1.25 c1:1.43 c2:1.57 c3:1.43 c4:1.50 c5:1.36 	88|79|80|79|81|82|81|82
wg	rss	9000	tcp	alldown	9.80	5.67	73	-	c0:1.80 c1:1.60 c2:1.60 c3:1.62 c4:1.50 c5:1.68 	69|71|71|73|72|70|70|70
wg	rss	9000	udp	1up	1.77	2.62	61	0.0	c0:1.77 	61|31|31|27|26|29|28|30
wg	rss	9000	udp	1down	2.00	2.25	53	0.2	c0:2.00 	28|30|24|53|23|22|22|22
wg	rss	9000	udp	half	8.55	5.08	70	12.1	c0:0.00 c1:1.52 c2:1.54 c3:1.85 c4:1.74 c5:1.90 	70|63|58|65|66|60|63|63
wg	rss	9000	udp	allup	6.61	5.24	74	43.0	c0:0.00 c1:1.26 c2:1.34 c3:1.35 c4:1.35 c5:1.30 	74|60|60|69|71|64|63|64
wg	rss	9000	udp	alldown	9.50	4.98	68	21.0	c0:1.15 c1:1.92 c2:1.49 c3:1.90 c4:1.91 c5:1.14 	62|52|57|64|63|66|68|66
wg	rss	1500	tcp	1up	1.40	2.87	87	-	c0:1.40 	27|29|30|87|31|29|27|27
wg	rss	1500	tcp	1down	1.72	2.41	59	-	c0:1.72 	26|27|24|59|25|28|24|28
wg	rss	1500	tcp	half	8.24	7.82	99	-	c0:1.12 c1:1.15 c2:1.28 c3:1.31 c4:1.75 c5:1.64 	98|97|97|97|98|97|98|99
wg	rss	1500	tcp	allup	6.35	7.93	99	-	c0:1.10 c1:1.19 c2:1.17 c3:1.03 c4:1.10 c5:0.77 	99|99|99|99|99|99|99|99
wg	rss	1500	tcp	alldown	8.73	7.84	99	-	c0:1.33 c1:1.32 c2:1.72 c3:1.35 c4:1.61 c5:1.39 	98|97|97|98|98|99|98|99
wg	rss	1500	udp	1up	1.59	3.08	65	11.0	c0:1.59 	31|33|65|52|33|30|32|31
wg	rss	1500	udp	1down	1.33	2.42	90	35.0	c0:1.33 	42|15|13|90|13|13|14|41
wg	rss	1500	udp	half	3.67	7.76	100	49.2	c0:0.57 c1:0.50 c2:0.67 c3:0.62 c4:0.93 c5:0.38 	94|96|99|99|97|100|97|94
wg	rss	1500	udp	allup	2.46	7.96	100	73.3	c0:0.52 c1:0.43 c2:0.27 c3:0.36 c4:0.50 c5:0.38 	99|100|100|99|99|100|100|99
wg	rss	1500	udp	alldown	2.79	5.61	84	62.5	c0:0.39 c1:0.40 c2:0.55 c3:0.65 c4:0.39 c5:0.42 	84|54|59|81|60|75|79|69
